Id,CreationDate,Tags
"56618122","2019-06-16 10:49:07","<machine-learning>"
"19170603","2013-10-03 23:05:13","<machine-learning>"
"38136657","2016-07-01 03:36:34","<machine-learning>"
"38372472","2016-07-14 11:02:18","<machine-learning>"
"38433272","2016-07-18 09:34:31","<machine-learning>"
"19634597","2013-10-28 12:16:45","<machine-learning>"
"39340190","2016-09-06 03:25:01","<machine-learning>"
"39454092","2016-09-12 15:41:47","<machine-learning>"
"2757856","2010-05-03 12:09:41","<machine-learning>"
"2763908","2010-05-04 08:47:25","<machine-learning>"
"10970815","2012-06-10 17:38:38","<machine-learning>"
"46118688","2017-09-08 14:22:38","<machine-learning>"
"42687237","2017-03-09 05:11:29","<machine-learning>"
"28979373","2015-03-11 05:41:38","<machine-learning>"
"8016641","2011-11-04 22:53:05","<machine-learning>"
"43878717","2017-05-09 19:49:18","<machine-learning>"
"56520879","2019-06-10 05:22:48","<machine-learning>"
"56731324","2019-06-24 07:02:09","<machine-learning>"
"35983890","2016-03-05 11:35:56","<machine-learning>"
"55562942","2019-04-07 19:38:23","<machine-learning>"
"55754854","2019-04-18 23:24:08","<machine-learning>"
"71933813","2022-04-20 03:37:20","<machine-learning>"
"50134381","2018-05-02 12:11:55","<machine-learning>"
"42562883","2017-03-02 18:14:39","<machine-learning>"
"13559253","2012-11-26 05:43:33","<machine-learning>"
"53278710","2018-11-13 10:17:44","<machine-learning>"
"53326173","2018-11-15 18:54:24","<machine-learning>"
"53348933","2018-11-17 06:48:16","<machine-learning>"
"36423696","2016-04-05 10:24:12","<machine-learning>"
"32195676","2015-08-25 04:43:10","<machine-learning>"
"52975722","2018-10-24 18:26:23","<machine-learning>"
"53588552","2018-12-03 06:28:06","<machine-learning>"
"71301132","2022-02-28 21:15:29","<machine-learning>"
"36819628","2016-04-24 05:29:24","<machine-learning>"
"36883652","2016-04-27 07:54:18","<machine-learning>"
"74568144","2022-11-25 03:47:42","<machine-learning>"
"74608511","2022-11-29 02:28:06","<machine-learning>"
"74692805","2022-12-05 18:30:52","<machine-learning>"
"74752325","2022-12-10 11:05:01","<machine-learning>"
"74761377","2022-12-11 13:48:38","<machine-learning>"
"74914852","2022-12-25 17:29:29","<machine-learning>"
"75105453","2023-01-13 06:08:45","<machine-learning>"
"75164752","2023-01-18 20:08:09","<machine-learning>"
"75301595","2023-01-31 18:27:25","<machine-learning>"
"48248585","2018-01-14 10:19:46","<machine-learning>"
"23577525","2014-05-10 05:40:46","<machine-learning>"
"60877853","2020-03-26 23:39:45","<machine-learning>"
"6593857","2011-07-06 08:57:25","<machine-learning>"
"24839013","2014-07-19 09:51:24","<machine-learning>"
"43125488","2017-03-30 18:16:36","<machine-learning>"
"61956517","2020-05-22 13:48:18","<machine-learning>"
"7761843","2011-10-14 00:09:09","<machine-learning>"
"65344036","2020-12-17 15:53:48","<machine-learning>"
"13597792","2012-11-28 04:22:18","<machine-learning>"
"62630009","2020-06-29 01:32:42","<machine-learning>"
"13610074","2012-11-28 16:42:50","<machine-learning>"
"62667687","2020-06-30 23:44:41","<machine-learning>"
"63073242","2020-07-24 12:07:12","<machine-learning>"
"40860172","2016-11-29 07:35:33","<machine-learning>"
"22685873","2014-03-27 11:12:53","<machine-learning>"
"40798523","2016-11-25 05:51:45","<machine-learning>"
"5146973","2011-02-28 20:06:04","<machine-learning>"
"59530763","2019-12-30 12:20:57","<machine-learning>"
"60922836","2020-03-30 01:22:18","<machine-learning>"
"24139151","2014-06-10 10:51:11","<machine-learning>"
"19851368","2013-11-08 04:01:14","<machine-learning>"
"20442555","2013-12-07 14:37:26","<machine-learning>"
"39565523","2016-09-19 04:44:29","<machine-learning>"
"58479852","2019-10-21 04:33:13","<machine-learning>"
"58687003","2019-11-04 03:54:53","<machine-learning>"
"39915991","2016-10-07 11:21:23","<machine-learning>"
"19604450","2013-10-26 08:06:12","<machine-learning>"
"57625329","2019-08-23 11:21:07","<machine-learning>"
"39108853","2016-08-23 19:02:56","<machine-learning>"
"58040934","2019-09-21 13:50:15","<machine-learning>"
"2429953","2010-03-12 01:39:18","<machine-learning>"
"44148583","2017-05-24 03:44:53","<machine-learning>"
"44819922","2017-06-29 08:25:21","<machine-learning>"
"45389438","2017-07-29 12:44:36","<machine-learning>"
"59623813","2020-01-07 07:16:20","<machine-learning>"
"28819800","2015-03-02 21:31:30","<machine-learning>"
"45450479","2017-08-02 02:25:15","<machine-learning>"
"39130899","2016-08-24 18:46:54","<machine-learning>"
"58251689","2019-10-05 19:33:34","<machine-learning>"
"40262038","2016-10-26 12:15:56","<machine-learning>"
"41580532","2017-01-10 23:53:45","<machine-learning>"
"11484043","2012-07-14 13:12:19","<machine-learning>"
"60751673","2020-03-19 06:00:01","<machine-learning>"
"23921762","2014-05-28 20:59:34","<machine-learning>"
"42937343","2017-03-21 20:16:55","<machine-learning>"
"7538596","2011-09-24 11:00:31","<machine-learning>"
"7869465","2011-10-23 21:48:54","<machine-learning>"
"8771291","2012-01-07 16:45:45","<machine-learning>"
"8819453","2012-01-11 12:41:39","<machine-learning>"
"59191848","2019-12-05 09:22:41","<machine-learning>"
"40907844","2016-12-01 10:13:30","<machine-learning>"
"59340281","2019-12-15 00:24:11","<machine-learning>"
"23123588","2014-04-17 02:34:12","<machine-learning>"
"58500162","2019-10-22 08:35:11","<machine-learning>"
"39719013","2016-09-27 07:48:43","<machine-learning>"
"58856563","2019-11-14 12:15:07","<machine-learning>"
"59115539","2019-11-30 11:06:30","<machine-learning>"
"44252524","2017-05-30 02:27:21","<machine-learning>"
"58948795","2019-11-20 07:21:21","<machine-learning>"
"3609303","2010-08-31 13:07:00","<machine-learning>"
"12192750","2012-08-30 08:23:29","<machine-learning>"
"12476359","2012-09-18 11:44:06","<machine-learning>"
"12622581","2012-09-27 13:29:54","<machine-learning>"
"25710368","2014-09-07 12:50:44","<machine-learning>"
"62547817","2020-06-24 04:45:29","<machine-learning>"
"40742367","2016-11-22 12:51:35","<machine-learning>"
"44381937","2017-06-06 05:25:33","<machine-learning>"
"40898019","2016-11-30 20:54:32","<machine-learning>"
"19129141","2013-10-02 02:34:10","<machine-learning>"
"57195393","2019-07-25 06:12:08","<machine-learning>"
"18854042","2013-09-17 15:34:25","<machine-learning>"
"38067991","2016-06-28 05:49:21","<machine-learning>"
"57363402","2019-08-05 17:27:56","<machine-learning>"
"20520511","2013-12-11 13:31:30","<machine-learning>"
"58261434","2019-10-06 21:38:23","<machine-learning>"
"9484847","2012-02-28 15:34:49","<machine-learning>"
"62926150","2020-07-16 01:41:19","<machine-learning>"
"62949318","2020-07-16 21:51:16","<machine-learning>"
"26997909","2014-11-18 15:28:32","<machine-learning>"
"45365283","2017-07-28 05:09:40","<machine-learning>"
"45686096","2017-08-15 03:30:41","<machine-learning>"
"64798088","2020-11-12 04:46:22","<machine-learning>"
"37662178","2016-06-06 16:12:43","<machine-learning>"
"37744255","2016-06-10 09:08:14","<machine-learning>"
"64871441","2020-11-17 08:08:39","<machine-learning>"
"42694800","2017-03-09 11:56:24","<machine-learning>"
"9148276","2012-02-05 09:43:50","<machine-learning>"
"56536359","2019-06-11 04:11:39","<machine-learning>"
"56575319","2019-06-13 07:24:07","<machine-learning>"
"37776333","2016-06-12 16:04:36","<machine-learning>"
"56782289","2019-06-26 23:54:47","<machine-learning>"
"55371904","2019-03-27 07:31:34","<machine-learning>"
"41169814","2016-12-15 17:15:34","<machine-translation>"
"68722976","2021-08-10 07:56:05","<machine-learning>"
"53399347","2018-11-20 18:31:30","<machine-learning>"
"36752468","2016-04-20 18:42:46","<machine-translation>"
"74832126","2022-12-17 06:06:06","<machine-learning>"
"74971149","2022-12-31 17:31:32","<machine-learning>"
"75014834","2023-01-05 07:01:02","<machine-learning>"
"75103617","2023-01-13 00:16:05","<machine-learning>"
"75282431","2023-01-30 09:29:52","<machine-learning>"
"48246887","2018-01-14 05:15:49","<machine-learning>"
"68421988","2021-07-17 15:42:06","<machine-learning>"
"59849620","2020-01-21 21:42:16","<machine-learning>"
"60605685","2020-03-09 17:33:23","<machine-learning>"
"60640147","2020-03-11 16:06:09","<machine-learning>"
"42340552","2017-02-20 09:18:03","<machine-learning>"
"62218611","2020-06-05 15:12:27","<machine-learning>"
"8238687","2011-11-23 07:42:20","<machine-learning>"
"40715360","2016-11-21 08:03:43","<machine-learning>"
"46675664","2017-10-10 20:43:06","<machine-learning>"
"14023474","2012-12-24 16:06:25","<machine-learning>"
"40767111","2016-11-23 14:28:09","<machine-learning>"
"40817214","2016-11-26 10:13:56","<machine-learning>"
"60650030","2020-03-12 08:18:04","<machine-learning>"
"61162365","2020-04-11 19:14:54","<machine-learning>"
"56780450","2019-06-26 20:31:09","<machine-learning>"
"38290406","2016-07-10 09:22:14","<machine-learning>"
"38344202","2016-07-13 06:34:10","<machine-learning>"
"38575965","2016-07-25 19:30:31","<machine-learning>"
"38848289","2016-08-09 10:30:42","<machine-learning>"
"21147661","2014-01-15 20:35:30","<machine-learning>"
"58690565","2019-11-04 09:34:49","<machine-learning>"
"20273754","2013-11-28 19:42:16","<machine-learning>"
"15620334","2013-03-25 16:48:35","<machine-learning>"
"15639105","2013-03-26 14:06:16","<machine-learning>"
"44823454","2017-06-29 11:07:59","<machine-learning>"
"23052042","2014-04-14 04:37:56","<machine-learning>"
"14237546","2013-01-09 14:34:10","<machine-learning>"
"45425833","2017-07-31 21:49:50","<machine-learning>"
"27380791","2014-12-09 14:02:42","<machine-learning>"
"59687209","2020-01-10 18:32:28","<machine-learning>"
"59932689","2020-01-27 14:02:07","<machine-learning>"
"2595176","2010-04-07 19:10:24","<machine-learning>"
"2745640","2010-04-30 15:25:25","<machine-learning>"
"21092188","2014-01-13 13:11:16","<machine-learning>"
"40259276","2016-10-26 10:04:00","<machine-learning>"
"21689027","2014-02-10 22:14:09","<machine-learning>"
"40571365","2016-11-13 06:55:02","<machine-learning>"
"47279028","2017-11-14 06:29:49","<machine-learning>"
"11048739","2012-06-15 10:14:30","<machine-learning>"
"60016898","2020-02-01 12:31:05","<machine-learning>"
"60472774","2020-03-01 07:05:50","<machine-learning>"
"41837763","2017-01-24 19:53:05","<machine-learning>"
"42024391","2017-02-03 12:30:28","<machine-learning>"
"6412215","2011-06-20 13:48:02","<machine-learning>"
"9418726","2012-02-23 18:13:00","<machine-learning>"
"39884286","2016-10-05 21:51:24","<machine-learning>"
"22542710","2014-03-20 19:03:02","<machine-learning>"
"4617365","2011-01-06 16:48:44","<machine-learning>"
"21875518","2014-02-19 09:02:26","<machine-learning>"
"4726626","2011-01-18 16:45:21","<machine-learning>"
"23190018","2014-04-21 02:41:24","<machine-learning>"
"58619893","2019-10-30 06:44:38","<machine-learning>"
"16048561","2013-04-16 22:51:45","<machine-learning>"
"3491112","2010-08-16 06:44:17","<machine-learning>"
"58861812","2019-11-14 16:45:11","<machine-learning>"
"31161413","2015-07-01 12:31:46","<machine-learning>"
"49164491","2018-03-08 02:37:25","<machine-learning>"
"44222160","2017-05-27 22:27:36","<machine-learning>"
"40035561","2016-10-14 05:30:00","<machine-learning>"
"59249627","2019-12-09 13:09:24","<machine-learning>"
"17530213","2013-07-08 15:15:51","<machine-learning>"
"44964749","2017-07-07 07:15:47","<machine-learning>"
"10093090","2012-04-10 16:59:06","<machine-learning>"
"17911090","2013-07-28 17:54:30","<machine-learning>"
"10193899","2012-04-17 15:10:21","<machine-learning>"
"49225654","2018-03-11 22:08:18","<machine-learning>"
"41727614","2017-01-18 19:14:45","<machine-learning>"
"42100110","2017-02-07 21:13:35","<machine-learning>"
"42311340","2017-02-18 05:17:25","<machine-learning>"
"42329193","2017-02-19 15:41:09","<machine-learning>"
"42794415","2017-03-14 19:00:38","<machine-learning>"
"49541271","2018-03-28 18:02:18","<machine-learning>"
"18336178","2013-08-20 13:20:59","<machine-learning>"
"18447901","2013-08-26 15:42:02","<machine-learning>"
"46265748","2017-09-17 15:27:02","<machine-learning>"
"14474333","2013-01-23 07:17:14","<machine-learning>"
"65950309","2021-01-29 07:24:38","<machine-learning>"
"66147514","2021-02-11 01:23:53","<machine-learning>"
"47661400","2017-12-05 19:38:58","<machine-learning>"
"57029163","2019-07-14 16:24:57","<machine-learning>"
"19623531","2013-10-27 21:03:44","<machine-learning>"
"18726239","2013-09-10 18:22:38","<machine-learning>"
"18854947","2013-09-17 16:20:52","<machine-learning>"
"37958889","2016-06-22 04:59:59","<machine-learning>"
"57467563","2019-08-12 20:00:10","<machine-learning>"
"57661011","2019-08-26 15:41:14","<machine-learning>"
"20075338","2013-11-19 15:19:53","<machine-learning>"
"20331468","2013-12-02 15:08:15","<machine-learning>"
"2794240","2010-05-08 13:26:23","<machine-learning>"
"62609451","2020-06-27 11:34:45","<machine-learning>"
"10464839","2012-05-05 18:37:43","<machine-learning>"
"46080123","2017-09-06 16:22:21","<machine-learning>"
"24183512","2014-06-12 11:44:53","<machine-learning>"
"46789798","2017-10-17 12:09:38","<machine-learning>"
"7011272","2011-08-10 13:07:42","<machine-translation>"
"7911891","2011-10-27 05:04:05","<machine-learning>"
"62344675","2020-06-12 12:52:15","<machine-learning>"
"9160669","2012-02-06 13:18:07","<machine-learning>"
"55386251","2019-03-27 20:52:16","<machine-learning>"
"55572577","2019-04-08 11:37:45","<machine-learning>"
"32162404","2015-08-23 01:41:33","<machine-learning>"
"36210135","2016-03-24 21:16:29","<machine-learning>"
"36268662","2016-03-28 18:32:21","<machine-learning>"
"71242366","2022-02-23 18:34:28","<machine-learning>"
"33651667","2015-11-11 13:34:21","<machine-learning>"
"53524455","2018-11-28 16:54:34","<machine-learning>"
"53588943","2018-12-03 07:03:37","<machine-learning>"
"73231605","2022-08-04 07:03:35","<machine-translation>"
"36869768","2016-04-26 15:45:42","<machine-learning>"
"74611304","2022-11-29 08:48:42","<machine-learning>"
"74787037","2022-12-13 15:15:06","<machine-learning>"
"74864906","2022-12-20 14:51:56","<machine-learning>"
"75087085","2023-01-11 17:45:57","<machine-learning>"
"75096081","2023-01-12 12:04:59","<machine-learning>"
"75177141","2023-01-19 19:05:41","<machine-learning-model>"
"75185222","2023-01-20 14:16:00","<machine-learning>"
"59863742","2020-01-22 16:01:39","<machine-learning>"
"6261253","2011-06-06 18:15:57","<machine-learning>"
"62226444","2020-06-06 01:57:59","<machine-learning>"
"9833498","2012-03-23 02:47:08","<machine-learning>"
"61179630","2020-04-12 23:43:25","<machine-learning>"
"24108676","2014-06-08 17:13:42","<machine-learning>"
"57426633","2019-08-09 08:55:46","<machine-learning>"
"20171810","2013-11-24 06:26:23","<machine-learning>"
"58703554","2019-11-05 02:18:08","<machine-learning>"
"57141456","2019-07-22 07:59:07","<machine-learning>"
"39105626","2016-08-23 15:47:46","<machine-learning>"
"31064604","2015-06-26 03:54:19","<machine-learning>"
"63102684","2020-07-26 16:17:29","<machine-learning>"
"44853421","2017-06-30 19:13:08","<machine-learning>"
"27383860","2014-12-09 16:25:23","<machine-learning>"
"57453295","2019-08-11 20:16:19","<machine-learning>"
"38964992","2016-08-16 00:39:19","<machine-learning>"
"20390719","2013-12-05 03:15:45","<machine-learning>"
"58232101","2019-10-04 07:52:54","<machine-learning>"
"20850895","2013-12-31 02:37:55","<machine-learning>"
"20850950","2013-12-31 02:43:46","<machine-learning>"
"58895873","2019-11-16 22:40:11","<machine-learning>"
"60007751","2020-01-31 16:29:07","<machine-learning>"
"15474186","2013-03-18 10:10:55","<machine-learning>"
"62301510","2020-06-10 10:38:22","<machine-learning>"
"21567779","2014-02-05 02:57:43","<machine-learning>"
"40419811","2016-11-04 10:01:31","<machine-learning>"
"40434485","2016-11-05 03:34:55","<machine-learning>"
"40439259","2016-11-05 14:18:50","<machine-learning>"
"16147084","2013-04-22 12:26:16","<machine-learning>"
"40199977","2016-10-23 05:48:18","<machine-learning>"
"21640748","2014-02-08 01:32:27","<machine-learning>"
"44205961","2017-05-26 16:11:34","<machine-learning>"
"59133440","2019-12-02 06:05:18","<machine-learning>"
"44229806","2017-05-28 16:52:30","<machine-learning>"
"21804695","2014-02-15 22:44:12","<machine-learning>"
"44235094","2017-05-29 05:22:52","<machine-learning>"
"40529175","2016-11-10 13:46:14","<machine-learning>"
"58836524","2019-11-13 11:51:53","<machine-learning>"
"21618478","2014-02-07 03:00:14","<machine-learning>"
"46382716","2017-09-23 18:04:06","<machine-learning>"
"46410461","2017-09-25 17:01:21","<machine-learning>"
"12719091","2012-10-04 01:12:10","<machine-learning>"
"49404607","2018-03-21 11:03:00","<machine-learning>"
"45019722","2017-07-10 18:57:24","<machine-learning>"
"45114732","2017-07-15 05:10:23","<machine-learning>"
"66054721","2021-02-04 22:22:36","<machine-learning>"
"59733748","2020-01-14 12:25:14","<machine-learning>"
"59749348","2020-01-15 10:19:37","<machine-learning>"
"41647597","2017-01-14 06:57:58","<machine-learning>"
"60142351","2020-02-09 23:25:45","<machine-learning>"
"41703747","2017-01-17 17:49:23","<machine-learning>"
"60796142","2020-03-22 05:12:21","<machine-learning>"
"42768307","2017-03-13 16:08:39","<machine-learning>"
"43047036","2017-03-27 12:52:50","<machine-learning>"
"7706591","2011-10-09 21:13:44","<machine-learning>"
"45206441","2017-07-20 06:06:58","<machine-learning>"
"45507634","2017-08-04 13:04:50","<machine-learning>"
"29155024","2015-03-19 21:06:28","<machine-learning>"
"65573737","2021-01-05 05:32:17","<machine-learning>"
"46532520","2017-10-02 19:35:32","<machine-learning>"
"28529838","2015-02-15 18:54:25","<machine-learning>"
"14398327","2013-01-18 11:49:11","<machine-learning>"
"29872797","2015-04-26 01:51:43","<machine-learning>"
"29940051","2015-04-29 09:46:46","<machine-learning>"
"65985211","2021-01-31 23:09:29","<machine-learning>"
"30659813","2015-06-05 06:31:18","<machine-learning>"
"26667724","2014-10-31 04:49:00","<machine-learning>"
"10249942","2012-04-20 16:26:46","<machine-learning>"
"45263583","2017-07-23 09:33:43","<machine-learning>"
"50449846","2018-05-21 13:19:58","<machine-learning>"
"50474063","2018-05-22 18:14:40","<machine-learning>"
"50519218","2018-05-24 22:46:39","<machine-learning>"
"51593082","2018-07-30 11:34:06","<machine-learning>"
"67970085","2021-06-14 12:18:56","<machine-learning>"
"19270927","2013-10-09 11:34:35","<machine-learning>"
"20143290","2013-11-22 11:03:44","<machine-learning>"
"57919017","2019-09-13 07:20:39","<machine-learning>"
"58087238","2019-09-24 19:12:07","<machine-learning>"
"39445623","2016-09-12 07:50:22","<machine-learning>"
"58451485","2019-10-18 13:02:13","<machine-learning>"
"46101299","2017-09-07 16:33:52","<machine-learning>"
"37724845","2016-06-09 11:35:21","<machine-learning>"
"42481799","2017-02-27 09:16:05","<machine-learning>"
"46785998","2017-10-17 08:42:43","<machine-learning>"
"42716181","2017-03-10 10:33:20","<machine-learning>"
"7011971","2011-08-10 13:56:40","<machine-learning>"
"42980381","2017-03-23 15:26:03","<machine-learning>"
"25815299","2014-09-12 19:17:28","<machine-learning>"
"56678924","2019-06-20 04:17:01","<machine-learning>"
"55787670","2019-04-21 23:36:17","<machine-learning>"
"55794496","2019-04-22 12:34:26","<machine-learning>"
"62169357","2020-06-03 09:24:00","<machine-learning>"
"47138694","2017-11-06 14:02:09","<machine-learning>"
"32124542","2015-08-20 17:24:35","<machine-learning>"
"36051076","2016-03-17 03:19:46","<machine-learning>"
"36478513","2016-04-07 14:01:04","<machine-learning>"
"71268724","2022-02-25 16:18:47","<machine-learning>"
"36683074","2016-04-17 22:47:17","<machine-learning>"
"36825556","2016-04-24 16:01:22","<machine-learning>"
"74482091","2022-11-17 21:06:55","<machine-learning>"
"74740819","2022-12-09 08:59:13","<machine-learning>"
"74896863","2022-12-23 06:43:27","<machine-learning>"
"75135912","2023-01-16 14:49:04","<machine-learning>"
"60395998","2020-02-25 13:40:52","<machine-learning>"
"42569088","2017-03-03 01:34:12","<machine-learning>"
"42862636","2017-03-17 16:28:29","<machine-learning>"
"61916966","2020-05-20 15:29:28","<machine-learning>"
"13623113","2012-11-29 09:58:23","<machine-learning>"
"13722067","2012-12-05 11:17:36","<machine-learning>"
"62650144","2020-06-30 04:07:27","<machine-learning>"
"26437372","2014-10-18 07:31:10","<machine-learning>"
"42420235","2017-02-23 15:44:34","<machine-learning>"
"37876401","2016-06-17 08:11:53","<machine-learning>"
"19371910","2013-10-15 01:29:56","<machine-learning>"
"1311658","2009-08-21 12:28:53","<machine-translation>"
"20437461","2013-12-07 04:07:12","<machine-learning>"
"38044239","2016-06-26 23:51:46","<machine-learning>"
"19803707","2013-11-06 03:45:44","<machine-learning>"
"38862694","2016-08-10 01:04:21","<machine-learning>"
"39195874","2016-08-28 21:19:54","<machine-learning>"
"39491172","2016-09-14 13:02:40","<machine-learning>"
"41128886","2016-12-13 19:16:07","<machine-learning>"
"46758433","2017-10-15 18:17:30","<machine-learning>"
"59667381","2020-01-09 15:34:43","<machine-learning>"
"47206373","2017-11-09 16:02:18","<machine-learning>"
"64174039","2020-10-02 15:14:10","<machine-translation>"
"59914382","2020-01-25 23:46:23","<machine-learning>"
"39419029","2016-09-09 20:07:36","<machine-learning>"
"40123102","2016-10-19 05:44:21","<machine-learning>"
"40237595","2016-10-25 10:30:12","<machine-learning>"
"60020401","2020-02-01 19:27:41","<machine-learning>"
"46167365","2017-09-12 03:19:22","<machine-learning>"
"13059564","2012-10-24 23:46:09","<machine-learning>"
"28488248","2015-02-12 21:36:22","<machine-learning>"
"43160649","2017-04-01 18:41:45","<machine-learning>"
"62289967","2020-06-09 18:58:14","<machine-learning>"
"62303339","2020-06-10 12:14:54","<machine-learning>"
"25487532","2014-08-25 13:54:46","<machine-learning>"
"8863930","2012-01-14 17:25:30","<machine-learning>"
"59477041","2019-12-25 09:36:49","<machine-learning>"
"40441967","2016-11-05 18:52:59","<machine-learning>"
"59546037","2019-12-31 15:41:00","<machine-learning>"
"39605417","2016-09-20 23:48:24","<machine-learning>"
"40347615","2016-10-31 17:45:47","<machine-learning>"
"59280960","2019-12-11 07:43:53","<machine-learning>"
"63242965","2020-08-04 08:29:23","<machine-learning>"
"40314069","2016-10-28 22:31:05","<machine-learning>"
"46381191","2017-09-23 15:26:45","<machine-learning>"
"12517777","2012-09-20 17:30:47","<machine-learning>"
"17675148","2013-07-16 11:19:14","<machine-learning>"
"32302580","2015-08-31 00:39:57","<machine-learning>"
"59706885","2020-01-12 18:27:29","<machine-learning>"
"23346489","2014-04-28 16:34:26","<machine-learning>"
"25082222","2014-08-01 14:13:26","<machine-learning>"
"11721601","2012-07-30 12:29:13","<machine-learning>"
"46267363","2017-09-17 18:14:24","<machine-learning>"
"65266492","2020-12-12 15:13:00","<machine-learning>"
"46974236","2017-10-27 11:43:25","<machine-learning>"
"46909678","2017-10-24 11:43:12","<machine-learning>"
"62772765","2020-07-07 10:03:21","<machine-learning>"
"14670640","2013-02-03 08:17:44","<machine-learning>"
"66206982","2021-02-15 11:12:03","<machine-learning>"
"48479952","2018-01-27 19:56:00","<machine-learning>"
"67129489","2021-04-16 17:11:01","<machine-learning>"
"50320720","2018-05-13 21:18:17","<machine-learning>"
"35146127","2016-02-02 06:01:37","<machine-learning>"
"26589884","2014-10-27 14:33:28","<machine-learning>"
"26664851","2014-10-30 22:59:47","<machine-learning>"
"44649290","2017-06-20 09:36:35","<machine-learning>"
"64314162","2020-10-12 08:24:02","<machine-learning>"
"68527004","2021-07-26 08:52:49","<machine-learning>"
"50584089","2018-05-29 12:10:31","<machine-learning>"
"51445257","2018-07-20 14:55:04","<machine-learning>"
"67589423","2021-05-18 15:31:33","<machine-learning>"
"31632094","2015-07-25 23:27:38","<machine-learning>"
"33997874","2015-11-30 11:45:22","<machine-learning>"
"49792066","2018-04-12 08:50:25","<machine-learning>"
"34121295","2015-12-06 18:52:26","<machine-learning>"
"11268173","2012-06-29 19:57:57","<machine-learning>"
"68629338","2021-08-03 01:18:18","<machine-learning>"
"65772303","2021-01-18 09:59:27","<machine-learning>"
"52089905","2018-08-30 05:44:03","<machine-learning>"
"52308698","2018-09-13 07:32:27","<machine-learning>"
"34647831","2016-01-07 05:16:50","<machine-learning>"
"34655969","2016-01-07 13:06:34","<machine-learning>"
"69096894","2021-09-08 04:08:19","<machine-learning>"
"35355311","2016-02-12 05:18:12","<machine-learning>"
"44400461","2017-06-06 22:02:25","<machine-learning>"
"44417269","2017-06-07 15:43:45","<machine-learning>"
"31234582","2015-07-05 20:16:19","<machine-learning>"
"41609711","2017-01-12 09:42:05","<machine-learning>"
"60090544","2020-02-06 08:25:49","<machine-learning>"
"6806879","2011-07-24 12:47:37","<machine-learning>"
"25109804","2014-08-03 22:40:51","<machine-learning>"
"45195256","2017-07-19 15:40:22","<machine-learning>"
"45492058","2017-08-03 18:35:41","<machine-learning>"
"18262209","2013-08-15 21:30:22","<machine-learning>"
"29664423","2015-04-16 02:38:59","<machine-learning>"
"13319178","2012-11-10 04:14:20","<machine-learning>"
"30011367","2015-05-03 07:33:58","<machine-learning>"
"47014365","2017-10-30 11:39:30","<machine-learning>"
"8036626","2011-11-07 12:38:45","<machine-learning>"
"9226368","2012-02-10 10:34:32","<machine-learning>"
"47582495","2017-11-30 20:58:12","<machine-learning>"
"50317417","2018-05-13 14:55:56","<machine-learning>"
"50367392","2018-05-16 09:41:00","<machine-learning>"
"44561673","2017-06-15 07:48:42","<machine-learning>"
"45600628","2017-08-09 21:05:21","<machine-learning>"
"50508519","2018-05-24 11:42:09","<machine-learning>"
"50518238","2018-05-24 21:11:52","<machine-learning>"
"14956031","2013-02-19 11:13:21","<machine-learning>"
"51559725","2018-07-27 14:07:47","<machine-learning>"
"51663206","2018-08-02 22:58:05","<machine-learning>"
"51889466","2018-08-17 06:20:43","<machine-learning>"
"34198029","2015-12-10 09:27:03","<machine-learning>"
"33026828","2015-10-08 22:14:26","<machine-learning>"
"11878872","2012-08-09 07:45:05","<machine-learning>"
"11960273","2012-08-05 12:53:50","<machine-learning>"
"13421692","2012-11-16 17:40:44","<machine-learning>"
"47135204","2017-11-06 10:50:59","<machine-learning>"
"34663743","2016-01-07 19:39:37","<machine-learning>"
"35368820","2016-02-12 17:33:30","<machine-learning>"
"37302805","2016-05-18 14:37:48","<machine-learning>"
"30724237","2015-06-09 06:12:50","<machine-learning>"
"54473832","2019-02-01 06:12:38","<machine-learning>"
"54527906","2019-02-05 04:59:02","<machine-learning>"
"48072160","2018-01-03 06:19:03","<machine-learning>"
"48133830","2018-01-07 02:33:11","<machine-learning>"
"48197301","2018-01-10 22:44:03","<machine-learning>"
"54790559","2019-02-20 16:02:51","<machine-learning>"
"15292547","2013-03-08 11:07:51","<machine-learning>"
"55162036","2019-03-14 12:00:53","<machine-learning>"
"71708718","2022-04-01 14:41:54","<machine-learning>"
"17179201","2013-06-18 21:22:42","<machine-learning>"
"56364619","2019-05-29 16:06:24","<machine-learning>"
"72551097","2022-06-08 19:17:43","<machine-learning>"
"50094983","2018-04-30 06:23:13","<machine-learning>"
"72707619","2022-06-21 22:09:54","<machine-learning>"
"51316611","2018-07-13 01:44:23","<machine-learning>"
"35597688","2016-02-24 09:08:18","<machine-learning>"
"53193795","2018-11-07 16:32:58","<machine-learning>"
"73353182","2022-08-14 16:18:52","<machine-learning>"
"71327278","2022-03-02 18:07:56","<machine-learning>"
"53955118","2018-12-28 07:31:03","<machine-learning>"
"55952177","2019-05-02 12:10:56","<machine-learning>"
"71993915","2022-04-25 02:28:22","<machine-learning>"
"56066681","2019-05-09 19:55:01","<machine-learning>"
"56141321","2019-05-15 03:21:53","<machine-learning>"
"71379987","2022-03-07 10:56:11","<machine-learning>"
"47792439","2017-12-13 11:56:57","<machine-learning>"
"54362096","2019-01-25 09:13:17","<machine-learning>"
"54492962","2019-02-02 12:11:09","<machine-learning>"
"71503184","2022-03-16 19:26:14","<machine-learning>"
"54804046","2019-02-21 09:51:07","<machine-learning>"
"48969502","2018-02-25 01:52:21","<machine-learning>"
"67335984","2021-04-30 14:52:16","<machine-learning>"
"17031056","2013-06-10 19:10:27","<machine-learning>"
"49324274","2018-03-16 15:24:46","<machine-learning>"
"55266939","2019-03-20 17:32:38","<machine-learning>"
"56224141","2019-05-20 15:37:23","<machine-learning>"
"56249805","2019-05-22 05:24:04","<machine-learning>"
"72405647","2022-05-27 12:44:16","<machine-learning>"
"50054856","2018-04-27 03:38:40","<machine-learning>"
"50085320","2018-04-29 09:51:28","<machine-learning>"
"51366060","2018-07-16 16:11:21","<machine-learning>"
"52889108","2018-10-19 09:03:25","<machine-learning>"
"69754675","2021-10-28 13:08:54","<machine-learning>"
"52926910","2018-10-22 10:13:16","<machine-learning>"
"52961267","2018-10-24 04:48:00","<machine-learning>"
"70835807","2022-01-24 14:54:11","<machine-learning>"
"53154910","2018-11-05 12:57:38","<machine-learning>"
"53166842","2018-11-06 06:38:33","<machine-learning>"
"35702887","2016-02-29 15:07:52","<machine-learning>"
"36908618","2016-04-28 07:58:04","<machine-learning>"
"36959683","2016-04-30 20:08:14","<machine-learning>"
"37061589","2016-05-05 22:54:39","<machine-learning>"
"55967574","2019-05-03 10:04:38","<machine-learning>"
"56138284","2019-05-14 20:39:18","<machine-learning>"
"45248001","2017-07-21 23:16:10","<machine-learning>"
"10307194","2012-04-24 23:00:40","<machine-learning>"
"14894231","2013-02-15 11:57:08","<machine-translation>"
"32744218","2015-09-23 15:55:35","<machine-learning>"
"50570306","2018-05-28 16:22:38","<machine-learning>"
"16783659","2013-05-28 04:02:32","<machine-learning>"
"70340128","2021-12-13 19:44:39","<machine-learning>"
"46290238","2017-09-19 01:03:34","<machine-translation>"
"33143823","2015-10-15 08:44:08","<machine-learning>"
"33146262","2015-10-15 10:36:25","<machine-learning>"
"50968499","2018-06-21 12:23:12","<machine-learning>"
"30108939","2015-05-07 18:27:06","<machine-learning>"
"33283735","2015-10-22 14:39:29","<machine-learning>"
"34297012","2015-12-15 18:44:11","<machine-learning>"
"35293468","2016-02-09 13:35:19","<machine-learning>"
"70676417","2022-01-12 04:44:10","<machine-learning>"
"54013621","2019-01-02 21:49:41","<machine-learning>"
"54257872","2019-01-17 18:46:57","<machine-learning>"
"30715227","2015-06-08 17:12:14","<machine-learning>"
"47855499","2017-12-17 13:16:35","<machine-learning>"
"14747783","2013-02-07 09:33:33","<machine-translation>"
"54348256","2019-01-24 13:53:21","<machine-learning>"
"47992044","2017-12-27 12:16:15","<machine-learning>"
"71434588","2022-03-11 06:45:39","<machine-learning>"
"30977006","2015-06-22 09:55:57","<machine-learning>"
"72265017","2022-05-16 20:07:31","<machine-learning>"
"56297411","2019-05-24 17:50:18","<machine-learning>"
"72854665","2022-07-04 09:39:33","<machine-learning>"
"72940810","2022-07-11 15:15:04","<machine-learning>"
"69592919","2021-10-16 05:24:22","<machine-learning>"
"52943173","2018-10-23 07:14:06","<machine-learning-model>"
"72192285","2022-05-10 19:57:56","<machine-learning>"
"36964457","2016-05-01 08:04:15","<machine-learning>"
"53879352","2018-12-21 04:53:45","<machine-learning>"
"73464762","2022-08-23 20:32:06","<machine-learning>"
"56033149","2019-05-08 03:32:43","<machine-learning>"
"56099234","2019-05-12 12:26:15","<machine-learning>"
"74054603","2022-10-13 10:55:34","<machine-learning>"
"74128801","2022-10-19 16:27:24","<machine-learning>"
"68017521","2021-06-17 10:27:56","<machine-learning>"
"51773865","2018-08-09 18:43:51","<machine-learning>"
"31717809","2015-07-30 07:37:27","<machine-learning>"
"34077759","2015-12-03 22:51:06","<machine-learning>"
"31746762","2015-07-31 12:56:27","<machine-learning>"
"50635331","2018-06-01 02:35:20","<machine-learning>"
"50679400","2018-06-04 11:19:30","<machine-learning>"
"50878649","2018-06-15 15:29:22","<machine-learning-model>"
"47039721","2017-10-31 16:03:02","<machine-learning>"
"30153997","2015-05-10 16:46:48","<machine-learning>"
"51089791","2018-06-28 19:08:50","<machine-learning>"
"51186142","2018-07-05 08:01:10","<machine-learning>"
"35373724","2016-02-12 23:05:13","<machine-learning>"
"54230578","2019-01-17 07:00:09","<machine-learning>"
"47998095","2017-12-27 20:12:56","<machine-learning>"
"48048775","2018-01-01 10:10:16","<machine-learning>"
"54664755","2019-02-13 07:29:53","<machine-learning>"
"48982480","2018-02-26 06:13:20","<machine-learning>"
"55158554","2019-03-14 09:05:58","<machine-learning>"
"72266011","2022-05-16 21:52:13","<machine-learning>"
"72403867","2022-05-27 10:16:56","<machine-learning>"
"72619782","2022-06-14 15:38:22","<machine-learning>"
"69989874","2021-11-16 13:18:31","<machine-learning>"
"53154672","2018-11-05 12:42:22","<machine-learning>"
"56179421","2019-05-17 04:01:02","<machine-learning>"
"73329344","2022-08-12 04:42:35","<machine-learning>"
"53935274","2018-12-26 17:40:25","<machine-learning>"
"56085006","2019-05-10 21:24:46","<machine-learning>"